{
    "rmse": 0.04189994447364775,
    "mae": 0.035262638563318884,
    "r2_score": 0.9999927853337292
}